subclip,w-axis,x-axis,y-axis,z-axis
00001-01,1.0836836411352746,0.990442865181373,0.4863453729917404,0.6367980242192767
00001-02,4.475934639416136,2.1441510964388937,2.1793401008976114,1.6464513323800303
00001-03,2.550493856589959,1.5489578313574088,0.17532342270155857,1.4225600214888297
00001-04,3.1189290820221247,1.5762781501045586,1.463068003945644,0.9315135661496129
00001-05,1.2492554023616054,2.427834495280248,0.7795623977498715,1.225243088739383
00001-06,1.9952823028507949,2.5482159277966363,3.0576165263825663,2.6840988238116665
00001-07,0.6172966970278717,0.9984710637724336,1.8331562362082496,1.0570635636399652
00001-08,2.396116282291656,0.797363141491786,1.326924418504539,1.0776902905846826
00001-09,0.7300569515602894,0.982924054432328,0.8961205134198054,0.5854757853416577
00001-10,3.0466363038999744,1.2038625026726366,2.5604624186975804,2.2656286851676066
00001-11,1.9837252445473739,1.5390791830914332,1.0821420965998003,0.810345000334276
00001-12,1.4641519658995372,1.1273917448771982,0.6924857341136942,0.290751966804509
00002-01,0.8878760826547264,2.0604057427588516,0.901618091356753,1.3565538870464025
00002-02,4.3881235726008425,7.208196955322312,5.881007738467649,3.146768837646874
00002-03,0.4543344991577474,2.934719776363463,2.623128871133053,0.8322648021448186
00002-04,3.4426955081734185,2.8689668536055697,2.9424907357533283,1.022239289202888
00002-05,0.2924332847398763,1.2587987480177492,2.147590428503683,0.9231496129231825
00002-06,2.365522284491315,2.5114828995338323,3.4809167949143704,0.8448566499108836
00002-07,1.1716001703071686,2.1933629422371688,3.2569625467447003,0.21371770701544737
00002-08,2.189170862549304,3.039573486185091,1.2632860881664014,0.4525145511963736
00002-09,1.0251315385914617,1.9081694046632642,1.9131410846547254,0.10902810708282926
00002-10,3.0303418562535662,1.578216055247653,2.595188720398652,1.9281319994391102
00002-11,5.553472503632842,1.4404898623741196,4.240010004937485,0.9378431721718838
00002-12,0.774685595230692,1.7435048690786705,0.6812767278098705,0.29731622632697147
00003-01,2.99548358801459,6.432911371909712,2.726498987492062,6.4670379384528
00003-02,4.368199373889205,12.261451052769951,4.027850807990977,8.536974302006433
00003-03,1.5680957179331254,8.089626300081342,1.0655821830300707,3.582096916364215
00003-04,1.5351412395876307,5.975112898666049,2.2319351944789374,5.56348951639062
00003-05,0.6741620224482487,2.7795854843295698,2.9625590945747446,2.217808126144092
00003-06,2.639050215805187,2.156264598711177,0.7493625718116159,3.4252165435550923
00003-07,2.7981878215196003,2.9860496211026293,1.1705377061358861,1.633156545082144
00003-08,2.7040693429996407,9.481987674663781,1.3421551412074373,1.748402683209065
00003-09,0.8148484347811468,3.0335571728886,3.1604444813346038,1.1519075911089771
00003-10,2.0074033543014838,2.0255518502206424,1.8607598980518523,2.5903440781896467
00003-11,0.17252605133904733,0.39068027707716196,2.321860818215935,0.4156613939883882
00003-12,1.9041475831681016,5.817886838937091,2.5793553545542407,1.5819107628862983
00004-01,2.2816595200876666,2.2411015165230217,4.053038092898947,8.385878964022579
00004-02,3.670930354857264,9.74072013426153,7.157524709211807,12.68269714678459
00004-03,0.9073477984180977,5.512727832565384,4.025016187212701,5.179177602037763
00004-04,1.0247021723998169,2.5677054054153423,4.366120156771059,8.667956523916281
00004-05,2.1480088289254806,4.062888980893941,4.669964918184663,3.5167682934887963
00004-06,3.411592323431165,3.8693982872832944,3.900683252443311,3.6131794804659796
00004-07,7.023785336449734,5.301761904372832,1.8140344888432562,1.9636627538059064
00004-08,4.231507139053869,7.904747091173097,1.7808876423904143,2.398398668556979
00004-09,1.9552616403273861,3.024747238130236,3.6958939763309955,1.1668608154832245
00004-10,0.6441026461344349,2.1223366445999434,0.5170442048071411,1.3543057366577351
00004-11,0.07436941902132187,0.5097518162421768,1.2015084839110433,0.7081179349398025
00004-12,3.0728789253276374,5.780813025919636,1.4057160548403316,1.4059741452824848
00005-01,0.6133643006175729,1.4700784298568577,0.5164195023985948,1.1171360938039718
00005-02,5.270129423391249,5.089148577645022,4.384297136660355,2.46159387275574
00005-03,1.8242085348693988,2.731604534774704,1.5981964895768879,1.1949888793196828
00005-04,3.144474576859287,4.240359708099127,2.3506334762253207,0.9435388981459225
00005-05,0.7695345747622767,2.51028725653517,1.8991391821366277,0.8937033160799903
00005-06,1.891867860775084,1.716039151364251,1.6473088164867993,1.742103356457196
00005-07,0.7680070854104017,2.239984167676886,3.4025269658593844,0.6737757012514055
00005-08,2.706244482056351,3.3062232324932044,1.3021923560794344,0.4479135299514351
00005-09,0.8828661555216953,0.7292350601401384,1.1913289200370742,0.9046231752131579
00005-10,0.7678313120766954,1.074322089589245,1.0109008433022424,0.5032256489824556
00005-11,3.551659629072356,1.7057975974139565,1.5615907425083817,1.1770208198627488
00005-12,1.526056702627462,1.721590377683896,0.602294403781393,0.1919022081955029
00006-01,0.3660102753600262,1.7816866917126246,0.26263155964098717,0.30823027324535596
00006-02,2.233725573733509,6.600617271102742,2.1051070757965755,0.805640266174365
00006-03,0.4072439018188406,3.1866226864329876,1.8518533947646953,0.8031166100542062
00006-04,2.0778764314052895,2.3199691160488833,1.7666022668718107,0.7134449360116986
00006-05,0.3527577022119192,1.5702106525490727,0.9662222211100683,0.3817136255114178
00006-06,2.108951226485209,1.6387289436149595,3.1743269510307894,1.1976422541813205
00006-07,0.5264910385491437,3.692851760681678,1.5313480522051717,1.0585109076870913
00006-08,1.2983946479799884,0.7412130206566048,2.3895980486121746,0.7518002835174706
00006-09,0.5088624018638216,0.9327712555888343,0.9167191755895988,0.386093698042517
00006-10,0.7964996670806475,0.6181635110828723,1.311934569653654,0.3866840778817613
00006-11,1.063733772446467,1.0855710016843834,0.7059187355520951,0.4162934578988988
00006-12,2.85238816189047,0.6843483269637985,1.4383128044495237,0.5422872798425286
00007-01,1.8223412664481105,7.42151841034097,3.7160983509497734,5.9164467625478165
00007-02,3.6588294711579366,13.36843736227402,6.428844544779547,9.168096260719198
00007-03,1.3513700516259015,9.4076367120195,5.54457862185502,7.521379725019456
00007-04,1.945613838651375,4.940419120363215,1.6677205797566645,6.062937645559052
00007-05,0.48995388620966285,6.786050705262145,3.961409853701349,2.305042751819894
00007-06,4.3156059023867765,3.6164889083603744,5.0756819951629755,3.9963976533975343
00007-07,5.148722018420763,5.018337281262879,1.672433729295895,1.17941045914965
00007-08,3.796233114649674,8.488532212389606,2.0203231081321276,3.4198404613881292
00007-09,0.7891448877348679,3.1078762082344924,3.1261001952846312,0.9154766959188511
00007-10,0.24322444215491484,3.1255216526484118,0.6319510666975084,2.3492596963609533
00007-11,0.2940299944668423,0.7999650922758574,1.7412733620861451,1.2773818435061997
00007-12,2.398534569505119,6.695369469334877,1.5080721900350191,1.9965256410906764
00008-01,2.2883201745963024,4.773535052788779,5.421895812261955,9.013866202840438
00008-02,3.4105015566025347,10.360148115884119,8.02994009200623,11.527360682789274
00008-03,0.6742917374763568,6.817805224654641,5.485681370972131,7.9346680859859635
00008-04,0.98112682691721,3.7201248826079065,3.3567166293535005,7.714642391044689
00008-05,0.4864573720975928,5.008619872036798,3.7309118087894806,1.429718307699354
00008-06,5.23187754829109,1.4850868810081421,3.167663061913736,3.89184884109089
00008-07,5.954719166140686,3.3607732129195576,1.386102529176906,1.9388948009460172
00008-08,2.6888766373291926,8.251626230328727,1.5057066971642379,2.2442252111734704
00008-09,1.2817124796452726,2.127437430731462,3.0378509700989698,1.340692020093466
00008-10,0.5335175332873419,2.451666432485613,0.5896620179659923,1.9524046338385495
00008-11,0.028327664849899837,0.8984937866010472,2.000221994830957,1.8730431839093582
00008-12,2.327423004271107,5.6688926973251625,1.5325394403830024,1.1208484044417817
00009-01,0.9398441622085932,1.0183690595404544,1.5482991368523207,0.5480431508326439
00009-02,1.8313614550764017,3.1616525678576597,1.264191466535879,1.3654042055549265
00009-03,2.4438580233473526,1.114975275143253,2.3365756529425985,1.1466539881248368
00009-04,2.2624238524596896,0.8494732560048656,1.051264975026277,0.9042075675413104
00009-05,0.6069233576873261,2.225025544101527,1.197703259069883,0.8797716766233179
00009-06,2.416643294527325,3.25467296622151,3.4038404917324616,0.8714816595937946
00009-07,0.8967641926074705,2.3189522523449617,2.2582723992826415,1.0164517664244017
00009-08,1.5559475393401845,0.7202620313709797,1.8934165719460885,0.4449241575776036
00009-09,0.7657226053199097,0.6619757321640057,1.1655529733866927,0.5355489227675468
00009-10,1.6016202954405487,0.7482699568363336,1.5925502788473558,0.4895224481135443
00009-11,2.4925720168478214,1.458414198422386,1.1878024759255852,0.39769704370010295
00009-12,3.1808052280780728,1.1020212502381372,1.3239546092102044,0.5287373414982404
00010-01,1.1220067342871423,0.7127103578165662,0.2709692492954517,1.5553218043924717
00010-02,5.869748606300032,6.970872422406639,8.060039963513951,3.4429927316724616
00010-03,1.807532615670989,2.2884296204548686,3.1747628446766467,0.9520295474121383
00010-04,4.7969280057119565,2.9886479100217382,3.008184393969263,1.224141379130662
00010-05,1.0505297857572053,2.0181306851891865,1.4318488881112357,0.7073627899668133
00010-06,2.4974734304786996,3.3785483789533184,4.383460409105641,1.2780228142171366
00010-07,1.1127219744679178,4.72889246432867,2.919484105486964,0.6038706454076828
00010-08,2.838466880827323,1.6375856244551221,0.9493002946250239,0.821846554055729
00010-09,0.9606318328255399,1.1729922805057267,1.7227225688063632,0.2749839833115195
00010-10,5.4271283891641975,1.4566747244766338,4.6328465215778785,1.7197253292868324
00010-11,2.191136661239343,1.3503224960645683,1.599828048328591,0.7972585617972417
00010-12,1.9113744383092979,1.4185141021937433,0.8389758901999624,0.4210622273095344
00011-01,4.238506896027517,2.7254509135760983,4.331312087284925,4.359314772578846
00011-02,5.28701999863182,6.214307765729579,7.782879452177126,6.2486378278971015
00011-03,2.82563914085321,3.3864890808036794,3.041241173402469,1.7933667947972638
00011-04,0.8214453072577012,2.9050223506801283,3.7219846623038206,2.8933763502131407
00011-05,1.478973379893305,1.5619507205856642,4.082552266881547,0.6694052811231969
00011-06,3.0176437277953485,1.739870684069197,1.7988394842606976,1.986868448158162
00011-07,1.2106632691645527,2.273350682276125,0.7359639928696678,0.9504216339143845
00011-08,3.821406670546952,4.533657213354239,2.4384225997077533,1.15468377816567
00011-09,2.18886447192456,1.926429916357926,4.915499233632317,0.3102861368683849
00011-10,0.800108830860652,1.2147843626771424,0.7331125529225445,0.9546284152412254
00011-11,0.3269747826276276,0.3339590224207218,1.8664010562416018,1.4889511056042362
00011-12,0.7861459832583279,2.9319823004432264,1.5352563676586055,0.285000667662534
00012-01,6.238709562130626,3.983016258679052,5.769305638068992,7.882288645748107
00012-02,6.430393500796679,9.543795182725093,8.900085625823948,11.690367448551692
00012-03,3.36866692166543,4.250776633340918,4.329921640517964,4.831642113005551
00012-04,2.594885042378928,2.511270256614332,3.619900215544819,9.040303570479566
00012-05,5.734297270884117,4.408521564508828,3.149319594611397,2.6627169349928117
00012-06,3.5211232648437547,1.8108932412351006,1.3550095038267012,2.7029832330296846
00012-07,0.6802472730624529,3.3117002494986365,1.3414816833613339,2.5962403997554695
00012-08,2.460672542728596,6.323114283249818,1.1080136690349813,0.9569083335593876
00012-09,2.3090768833960733,2.602516971719901,4.221483952084307,1.5214455085054517
00012-10,0.6038349256237223,3.184207724978112,3.6345982839746434,2.3123574588393137
00012-11,0.24224930583438237,0.6322130679329363,3.3403260073664303,1.6778038782060372
00012-12,0.9564536174883702,5.426448314860368,2.2892449995804873,1.7416441630704038
00013-01,1.9743978497953638,0.5898480236407903,0.7416079824805983,0.557535875330056
00013-02,6.96074129208192,3.6489509703502687,1.1515768403318527,2.159923993374509
00013-03,1.8889730305415973,1.45437950915598,0.6208285582173825,0.8304999763613186
00013-04,3.189286568793533,1.0038264964403707,1.1321881632772406,0.6293930794982769
00013-05,1.759383763478519,2.560479957857489,0.9993643424855098,0.8824670952854844
00013-06,1.428480603655351,1.8097085603809562,1.9834235217141658,2.0987216985411186
00013-07,0.6753419430855947,1.9328962880776435,2.835991777073538,1.3980803183751722
00013-08,2.2076278656952977,1.5080353590040652,1.7187992655812099,0.5393644827028894
00013-09,2.2000150869434987,0.38766229551927883,1.1958296848372656,0.2854531027702729
00013-10,3.1681729556279166,1.6675407358341985,2.984129409756898,1.294932118468273
00013-11,2.380772455773617,2.110742053880715,1.612134071810313,0.8356973088836688
00013-12,1.6654228766046308,1.7020371729127395,0.6287923267062153,0.4039432005314003
00014-01,0.6704632672797248,1.9851780999562767,0.7636820486839307,0.5277287742564044
00014-02,4.368764073820093,7.494086026607913,3.419294913141084,2.5151744631710975
00014-03,1.0947484984577813,3.22050415337413,1.255469917442259,0.7568976430458741
00014-04,3.3913669783959293,2.709083626480647,2.913372112776268,0.6444609720612988
00014-05,0.38228096118701205,1.930790258983044,1.4114806465965586,0.19690949308876923
00014-06,2.1557374644112803,1.8100410272352678,2.3924091648933272,1.0611580301126404
00014-07,0.9682020996661777,2.677092639594585,1.7846036438287687,0.5496259020033974
00014-08,2.742336219662898,3.3415188276544674,1.5651073034290235,0.30586011306906313
00014-09,0.6507743688971189,1.9273670606562996,2.0530605661946835,0.381095800416033
00014-10,1.9088104575774012,0.9376078149932701,1.6617592971652644,0.6167425525297137
00014-11,4.417412056027819,1.8490848692708974,2.8014234672852125,1.0768915301054254
00014-12,0.9589513107421949,1.3318073338320684,0.41684698618051513,0.2968499809964983
00015-01,1.2224178572846573,2.4488053411097366,2.7062531597004438,2.517176201456229
00015-02,5.017306452454626,8.016641576716884,7.168759327665565,4.855939464567919
00015-03,0.7472997623298789,2.2556932948205386,2.3859291871852824,0.7628573395852375
00015-04,2.548469780663625,2.7859960875994303,4.66367143449394,1.9381304835962638
00015-05,0.8509136431674545,1.799301096836318,2.44190475580323,0.5180073643043189
00015-06,1.9304025728577847,1.1019813615357519,1.3506509081469886,1.8367540168103196
00015-07,1.5897361700002106,2.297718096853713,2.604453453206031,0.5084918352084311
00015-08,1.7601854096299097,2.354390393628264,0.8989217621576382,1.0827550751375432
00015-09,0.8941946017410746,1.6967901909448502,1.9063130338583911,0.4013388440058441
00015-10,5.2941911658996075,1.1163658895851138,3.3195390730708385,1.5750418701563837
00015-11,1.1646404306567777,0.7737393877761959,2.4776736868350455,0.4054380955984035
00015-12,0.883964848238333,1.708656479436274,0.9396528934891941,0.366935805178902
00016-01,0.9330587471173329,3.2027573431750116,4.571772859982633,6.5155666250621955
00016-02,3.0338992403577745,9.031774535933295,7.588157363638199,9.609431405861928
00016-03,0.7673477235685168,4.802452309326931,4.562033941616867,4.676787285830618
00016-04,1.0023719364539754,3.0403268375344283,4.136079452548734,10.396017561595407
00016-05,0.7694657485236419,5.537086326731831,5.80870015330124,1.5048505830199332
00016-06,3.8162951682502,2.7365443903238775,3.841658447452432,2.163332229212824
00016-07,5.783700054314272,3.8422358392202582,2.1566850016160615,1.6868479810465355
00016-08,3.591615352513163,6.901581931811226,1.6994174300810816,1.902947455329671
00016-09,1.7762192897983295,2.794068790060821,4.062776484842607,1.601452871807146
00016-10,0.7631548435681736,2.79732626323273,0.621476773583111,1.388713128140168
00016-11,0.15120940999277943,0.532778816756996,2.0933535838829145,0.5752736388748709
00016-12,2.6926091036250397,6.397459274396085,1.5902135174580898,1.734689265505772
00017-01,0.20373880978981473,1.1998147962776677,0.4973278555183616,0.616599439184638
00017-02,1.3445955529858604,5.792319934005452,4.216725862048009,1.0190977923200557
00017-03,0.8255975067789113,1.633774232962053,1.3338130458437345,0.9438160210734556
00017-04,2.0068486804650414,1.856794280057938,1.331655413726378,0.7868390129063447
00017-05,0.8756633085107556,2.27969987150008,1.5609683857629575,0.8058781711685142
00017-06,2.219294172314787,3.2470502378817057,3.0803072236441102,2.4603651761908107
00017-07,0.4826315085796261,2.5029933971996945,1.5877229072692223,0.9243944741173156
00017-08,1.6814015339060109,1.0094454219023936,2.2739781652597375,0.7036249993154733
00017-09,0.5452367243974591,0.5987168694970451,1.043180378491813,0.396645628005909
00017-10,1.6986268063659218,0.9355422585911931,1.9075684508266235,0.7966571710656772
00017-11,1.7003890679588234,1.1599577516960586,1.157332144442066,0.5534098218459644
00017-12,4.289765269085756,0.6804714974919738,1.2815572094594567,0.7917226409039753
00018-01,0.2553414846268696,2.472273143827906,1.0781099932119689,0.33116615680033207
00018-02,1.7003348320407772,6.845871468751672,5.957372757079817,0.47235914295792375
00018-03,0.21481753554667324,2.325469354663297,3.499024741889807,0.21991298355587904
00018-04,1.8155356268327254,1.6728211137100957,3.599812420453418,0.29472387510824544
00018-05,0.4833441665508007,1.5826817791781713,1.7807322064298772,0.42478680691004783
00018-06,0.9056469526807921,1.9050251774518412,3.684015359329418,0.7686584464531273
00018-07,1.2900127130451078,1.930720335662746,3.2043108747351723,0.4537503290450429
00018-08,0.8795288025494407,1.4424101958174378,1.9449858083625917,0.19298845788636027
00018-09,0.22623372242159973,0.8553100811539036,2.0532026260349645,0.28804636642894305
00018-10,1.4458058908570326,1.0862258295515592,1.5452686869693546,0.494289851996388
00018-11,2.0786249032624915,1.590269787931013,2.930618338556928,0.5480422806840487
00018-12,1.6413549891696,1.3252011302735096,0.9432459361195686,0.3971256778374224
00019-01,1.2284057251186729,4.938939565111539,5.0072044738251344,6.254369570314984
00019-02,2.1399719861049302,10.75652539861742,6.570247376116046,7.292926730196881
00019-03,0.39458660990937483,4.5246718970222135,2.602000071126973,2.024134104831939
00019-04,1.1591584178292849,5.6823553421886945,2.936744398023106,4.297056474809494
00019-05,1.0605883282775421,4.007504189103433,4.05378528966342,1.4768230996848664
00019-06,3.5313976708937913,1.829494075996755,1.184736183597757,2.258767173885304
00019-07,4.451249079848113,2.5748375677884443,0.9829275743263108,1.0035789701065683
00019-08,1.8556406055633448,7.927849471241891,0.9369728116249416,1.7020133373748179
00019-09,0.6587973694056743,1.8785023669716272,2.9735863346873983,0.6134533310976281
00019-10,0.28126978295199995,3.0699603125888175,1.5768253293717671,1.971597815426735
00019-11,0.09814697482842186,0.5920288529774649,1.697235910202036,1.7411161175744811
00019-12,1.4951070838424894,4.037401203211983,1.2921385969573556,0.6222328117938861
00020-01,4.590501177246612,1.5364262125579708,3.648007399061099,11.931902628708334
00020-02,6.266857738912546,8.134516878684208,11.368393947702133,22.761490114826234
00020-03,2.826175776928671,3.8243694580333814,5.154711492656569,12.05365586649715
00020-04,1.8692671106621526,3.280016496491007,3.5405673920016403,12.547523914702854
00020-05,1.3857173031425696,4.124820289992303,7.411115514969043,5.301848479502657
00020-06,3.5813791040335334,3.107289141347525,4.492628786272587,6.152347224602919
00020-07,1.2570558690083924,2.5269049338213296,2.134033765309235,2.735259656878195
00020-08,3.0504470504886307,5.737952805938897,2.2991071548804785,3.914064071368434
00020-09,1.204773000937626,1.6614733388176903,3.4275023277739067,3.426470671606982
00020-10,0.5414960213610129,2.2664372079462516,1.29667142040963,4.02536866685721
00020-11,0.26385015834077086,0.6665963150632912,1.9830410425650649,1.1343311850629667
00020-12,1.4292694270487851,5.432002136155639,1.6193720826010876,3.120608584938617
00021-01,0.1417238894979334,1.0766988403299718,0.4885870647795227,0.5584651621207054
00021-02,2.1042692384537083,5.234881413540589,5.761107627026136,0.737473823373847
00021-03,0.772175499664441,1.5244994263918732,2.489576839740344,0.8479122270593081
00021-04,2.8929597522086348,2.278461488526758,2.710195982536995,0.867598248532893
00021-05,0.8021696664273208,2.1409040864139635,1.2905011213799584,0.46099327976674603
00021-06,0.8463413103134939,3.146761253665086,2.4973564172282487,1.1938502500103576
00021-07,0.5719364955204134,2.854325194356596,2.5940253051810656,1.4163170790281632
00021-08,1.794906514959172,0.8564083176869439,2.5218238086074627,0.36036082929157637
00021-09,0.5186386810264032,0.32435114755416633,1.4473671664699252,0.4863825088629792
00021-10,0.7435569643971689,0.8367361028773531,2.188779220703674,0.1483045396867663
00021-11,2.8412792822736406,1.6943964034847623,2.357100609719019,0.6821541410074836
00021-12,3.613690026254287,1.0970333907607066,1.4201498937666466,0.8864296388950575
00022-01,0.3246372416187997,2.217833021292147,0.8993712735102001,0.4506310380581167
00022-02,3.4276705321521903,7.065206749977264,4.470799259436107,1.3370810608055124
00022-03,1.0503030175914203,3.778162567449484,2.077354453692912,0.8360318178792551
00022-04,2.1272762434694306,2.725953662449764,2.6620058906682607,0.37859775479359253
00022-05,0.52516863834801,2.0216759853029167,1.430413710792883,0.31190663527050955
00022-06,2.132881864204977,1.439728313567826,2.7941734914332326,0.8404108970473404
00022-07,1.3091113819275875,2.861219004998717,2.4049719588969194,0.5301073285165074
00022-08,1.8544234242796493,2.943215288040044,1.82454290303567,0.4257237343270974
00022-09,0.6576431987876658,1.8832575546045243,1.982179635605681,0.11286255420445811
00022-10,3.109337086156149,1.1306077247662447,2.511652359578329,1.1972506098222513
00022-11,2.557376647369485,1.248934034069586,2.083871558186039,0.4733926840770553
00022-12,0.8813127975401355,1.1885157578227095,0.48823422408564143,0.2562957448345188
00023-01,1.8400875014279894,1.2060968812716781,3.384409280461582,3.0284313373710003
00023-02,2.5578515342991017,3.851866506745836,5.948347542244611,5.612701409189728
00023-03,1.5764414942215192,2.6188726323070783,4.457467949447456,3.2051634978182553
00023-04,1.1469530807112118,2.445571397586682,3.3586820160193596,3.0545361056859477
00023-05,0.6340277399740452,1.977392634097067,6.049666479668505,0.9545141395906945
00023-06,2.076654069477097,0.9060515718269038,1.515176523572742,0.9650885535518553
00023-07,1.169286274819955,1.6054704174165138,1.624424601012692,1.3509936322725347
00023-08,4.773885639848226,2.0816181549282775,0.8652007175339341,0.9685217309130738
00023-09,1.5158017894461424,1.658053806731373,2.0469477768850792,0.779016594126853
00023-10,0.421196641613085,0.23200266208797,0.41852519612241484,0.9207114676548156
00023-11,0.2292809587598032,0.2795614707191086,0.49497966841825236,0.3445024864023557
00023-12,1.2889610543359946,3.6701081528097155,0.689513050650427,0.4779136526093984
00024-01,4.388309015605433,2.308244362415395,2.904587973193451,2.432122462473215
00024-02,3.522042504160511,6.747419674342731,3.4695218665259073,3.469021203219121
00024-03,3.0091536792098066,3.6211514302481405,1.006283007724885,0.8289878065460806
00024-04,0.6470382399986665,2.9758739494492743,1.0176258730002856,2.005254215608367
00024-05,2.7134985795714326,2.635503839628666,0.8399869109437553,1.0303238931777008
00024-06,2.4023371028916105,1.3371599903367186,0.6884947694390627,1.3261319341607192
00024-07,1.143860315777768,1.4017561333349176,0.6706651632203965,2.1596008875977297
00024-08,0.8804484922949899,5.462529821545117,1.164334679295771,1.1880167271329005
00024-09,0.8344973166211883,2.4236703214463473,1.6579532034674422,1.0083959967993616
00024-10,0.26259085495933104,0.6369222867471885,1.312625997985888,0.2675008071214118
00024-11,0.206147159348525,0.50172092395335,0.8259889415083741,0.7790348116096298
00024-12,0.3410543858488621,2.6001094304083794,1.2578741137800444,1.2626031015578805
00025-01,1.5868068331582306,2.2684617053751954,0.7641164062052158,2.4979511011525735
00025-02,6.968601571674665,4.669007852238316,4.54246210832094,3.920299939535397
00025-03,2.4918447124457255,1.9964793797910305,0.9153011677923305,2.067020960109737
00025-04,4.317638756232713,1.9225751610269097,0.8948307150059245,1.8611496815089097
00025-05,1.4416740753034973,2.4755356029405533,1.2971978159729551,0.9990169512767108
00025-06,1.3207083845451797,2.3460953946293865,2.857937802758449,2.3060279828967474
00025-07,0.6894318112645113,2.0634174240279686,2.028449064023767,0.7205607478408995
00025-08,1.1294931740915257,1.5200757955527817,1.0104872644357203,0.6023103652838416
00025-09,0.8304486167671229,0.4002342248951943,1.397355971592191,0.39479745827695323
00025-10,0.9384641336401508,0.2011847869887639,1.2603764677406337,0.9577572567321407
00025-11,3.827561474799409,2.798702851886944,1.9756450589060872,1.743291679506137
00025-12,3.660554007999338,1.8735142155315643,1.64351770607686,1.1152177403903678
00026-01,0.7606675253413132,2.2972436949893673,1.200067266306374,1.0453883972796298
00026-02,4.171582031783952,6.151309632731775,2.383545686411043,2.545422871878626
00026-03,0.7179270168044722,3.7882333635544256,1.5821769009423703,1.205272770318089
00026-04,3.974602128468141,2.8832684531270703,2.4892342280057442,1.3164601868865125
00026-05,0.503944249990045,2.1372824379015722,1.938631305576042,0.6477146436959197
00026-06,1.6575365149752415,1.4685479859946529,1.215135547275298,0.8629925987223164
00026-07,1.6461706193208285,2.0702194169892607,1.2508090568668107,0.33703132519109147
00026-08,2.3561782854242335,3.22188474112968,0.7974378346210178,0.3371584411467736
00026-09,0.28725164051885704,1.1124336772714616,1.9797563571421457,0.34612138059040515
00026-10,1.7151821238029699,1.1137486599079098,1.1317065234977859,0.8408157573665322
00026-11,6.7094073160165815,1.8130725923062643,3.476040733506192,1.6058646803900853
00026-12,1.2318297521137966,1.705155043577703,0.19862957926391608,0.32460235206776494
00027-01,2.2519721147600813,3.330340557581973,3.075584198650127,2.6568418733830925
00027-02,3.5527358455578786,8.89591635241068,5.0694966183840835,8.613496439579862
00027-03,2.426166571010232,5.495953625708415,2.022192414386389,1.7898796851946135
00027-04,0.7832178489843524,7.245308965455689,2.7265983002997642,6.391669352415874
00027-05,1.9670440768132331,2.6188729406450086,3.289408039347741,0.6875571309446724
00027-06,3.6313980388997313,1.9803174940958284,1.732763365269707,3.9782752416929013
00027-07,1.3398644263180106,1.9614263920547654,0.9308317590057069,2.064224033168979
00027-08,2.433354501646052,6.074315143700378,0.8941439463617757,3.5854226805991423
00027-09,1.7717554012782577,2.428758895154738,2.452513850096726,0.42803374739562017
00027-10,0.2173522149743519,1.8530651406815166,0.5757842016890657,1.1861297914808473
00027-11,0.5089280973413148,0.7280173454609048,1.7561816217017026,0.8058633259611421
00027-12,0.8123190442367434,5.890235571913713,2.0300033205628325,3.5623832010123415
00028-01,2.421876402546442,2.9382290637441155,8.867491995156769,8.25872179292279
00028-02,3.1175928032668594,8.249386818231446,13.80437819800712,10.526902947442355
00028-03,2.077792933266441,3.668054130307455,6.95501028134366,6.45098461229403
00028-04,0.884646307167032,4.113762749141073,4.906616413145749,6.185288441274939
00028-05,0.4401367886788423,3.826747398314534,7.300522038545075,2.4388732274303697
00028-06,2.59922545791,2.498956983351707,3.12984566904985,4.218815307703616
00028-07,2.6270591373686427,2.095547353069864,2.146395417193874,1.6822961317283986
00028-08,2.211033175695425,7.07540224063551,2.642767097152738,2.282027184925054
00028-09,0.8466908172934636,2.4207360095699695,2.730527778616695,1.7343815917944454
00028-10,0.5251502505346262,2.042389439429233,1.4099607813972814,2.2681225440904296
00028-11,0.30225945015354966,0.5477398998807198,1.751349649368715,1.7771903761497594
00028-12,2.366492801767697,4.586269236408209,2.2494701636018726,1.8250106635365828
00029-01,1.5308792815328045,1.4369927882382616,2.967441358839778,1.763264489510134
00029-02,4.866479184867638,7.976452041592189,6.182345058993081,3.8534529570353278
00029-03,3.315951991187151,3.660248135671256,6.4119910265883435,2.410780760828225
00029-04,3.477996685791542,1.8317812144409982,1.5588690673736372,0.8008769769877899
00029-05,0.9458119951362355,3.5054676683574857,2.240975521645723,0.9512180943016801
00029-06,2.2408110244386488,1.6530372549656265,1.7211064224954575,0.7050208680926089
00029-07,2.672725851024553,4.152719366914112,3.605667230872064,1.2587527568606554
00029-08,2.1605275283155523,1.6167832797373964,1.1453966026425442,0.6069741677054592
00029-09,2.17507083647285,1.2497759657739091,1.1287462064952136,0.7012621825448384
00029-10,3.4516293716653452,1.6267667491432494,1.5823681339866371,1.1198419206305545
00029-11,2.0641099940491014,2.9052695191830273,1.112514594504018,0.7201851805513056
00029-12,1.1451331110790957,1.3425729755346227,0.4398426174089187,0.7060300601571761
00030-01,0.7399000431947825,1.3275579903111185,0.811132665520716,0.6515940548901141
00030-02,3.229785681199566,5.816957006400021,4.809785583648601,1.0264371898012756
00030-03,1.1129502400716014,2.0652162761957884,2.280914048960061,0.6198659345763301
00030-04,0.6778747665437598,1.4519237912977228,3.125218651169953,0.0802413272236839
00030-05,0.6317215458381836,1.3446858736378824,1.483717998262665,0.3187243523804355
00030-06,1.317710620719617,1.549169513861637,2.386215545990074,0.71306721208074
00030-07,1.1637036846969206,1.9057691942553039,2.9191525037920663,0.4549300229169946
00030-08,0.8511917905575962,1.5515245061475795,2.025075049409953,0.21705137393715648
00030-09,0.48510651867535337,1.0658043068242715,2.1696482933970924,0.17615686344602086
00030-10,2.172984354240106,1.2031019314646596,3.0642279620792507,0.5190968081497866
00030-11,1.9429384556536435,0.5636680593755258,2.413165770759754,0.401784516395416
00030-12,1.2086256361410572,1.5807029104484778,0.8276796355115127,0.25985228796436316
00031-01,1.7537595101419552,2.877855523722472,5.629010777086353,3.658580920284338
00031-02,1.855644432018872,6.9918454324834185,8.929949951147275,2.7526932237747683
00031-03,0.9703965596847746,4.18942878311202,2.6927843962030193,1.1481921304774156
00031-04,1.8283046053868985,1.9902028340862454,2.828764302112306,1.6907271977154124
00031-05,0.5949099569088271,1.5002753724725246,3.603620269864227,0.7679237876841
00031-06,1.875190989758082,0.966686941936416,2.0319500642049695,1.2237742783770165
00031-07,2.0382150559267833,1.6193961410543931,1.4196253452874563,0.6303498381257556
00031-08,2.4154554030424022,3.502203862040329,2.3456296659917033,0.7569435446792687
00031-09,0.6273362651865594,0.9674025255727308,4.162406182891512,0.22821107821775535
00031-10,2.752810675909058,1.151120603280237,3.1793219042083574,0.9766912630006559
00031-11,0.10880260418415835,0.22895392251993607,3.569292238457388,0.44791807609831996
00031-12,0.7120257107865351,2.0051174264608362,1.150890454850174,0.2619582094479233
00032-01,2.3070069085680935,4.760777076737497,6.1053912660083824,7.670330878474091
00032-02,2.0597961898600823,6.825278887706253,8.704802926463582,5.3068761529977335
00032-03,0.733026494178586,3.8370410422740204,6.217694655635487,5.49191959950977
00032-04,1.2913700705856228,5.097820974681786,4.024652777806071,6.536406498373421
00032-05,0.6660391986530303,6.018384609746536,7.461917410992124,2.1819374845784587
00032-06,5.601906266319246,2.41897526154271,3.113932689495573,4.6692357221662055
00032-07,4.90232753170419,3.181523896567577,2.2373022669850666,1.5616565082183453
00032-08,2.589265490387419,7.401890103680415,2.013495892352196,1.1958539928277447
00032-09,1.70747511038755,2.9735281409996364,3.9288151811419114,1.330438669871619
00032-10,0.916028752208856,3.773225283141586,1.6157238639695963,2.041248404900986
00032-11,0.14450058215755496,0.9113043762828701,1.9729428787859575,0.6564522871236618
00032-12,2.0616897585396803,6.240594527644882,1.7283953817042017,0.670077691719109
00033-01,1.4178467417300948,1.3850339201675428,1.6127959596941892,1.6911559064417359
00033-02,0.6646724223919468,1.046630805438199,1.837979689490636,3.1493248456410545
00033-03,2.16749287944714,1.154417055618295,1.367515100085041,0.6841484284696505
00033-04,1.7241109568288333,0.513251373625506,0.45921679718828623,0.5709070436395883
00033-05,0.6391880234667234,0.8554232927144988,1.2023752961907528,1.4299752597731656
00033-06,2.759029213622651,6.5301913090938815,5.124784134650236,2.4026830245240824
00033-07,0.44800533508571033,1.0541538479391612,2.461431649095098,0.5978226398231182
00033-08,0.7969886970766152,0.5074056685216543,0.9504573107108343,1.7604479871614953
00033-09,1.307259946583993,0.3176454247312052,0.5551388164374673,0.2632798240483427
00033-10,2.1410868619367402,0.7907945599363592,0.9963105665507714,1.346799073643191
00033-11,1.8641860938273866,1.011814394714855,1.150368369936645,0.49614082991613456
00033-12,2.3947671921285427,0.8899476226216825,0.7534503674781036,0.47919975818335736
00034-01,1.445829721582877,0.9047869907459324,1.8862058203871859,0.5793035417351375
00034-02,1.4801690998092794,0.6249703455232439,2.52357695378897,0.43546919226569664
00034-03,1.9769211362942565,0.858847162974426,1.5853161698880018,0.7458627960826129
00034-04,1.1734262571052676,0.8254687139106343,0.7668619526341577,0.6865757110155556
00034-05,1.3739745541051442,1.4993355425156911,1.5955475502746488,0.8298808892936281
00034-06,0.997734256507801,2.2767041086690316,2.0421762365084706,0.8143392371160737
00034-07,1.134991027964742,1.773786083553371,2.2498824932541317,0.7707735234509456
00034-08,0.721589083844996,0.4868670025096946,0.9521322145733234,0.18280952849961452
00034-09,0.7769988739761718,0.457302212882647,0.4249712966123887,0.30267240311854554
00034-10,0.8126475348522748,0.44524919894790854,0.7014631669893918,0.33280098547534637
00034-11,1.114604316938361,0.5731223728070218,1.0531252841507777,0.26258713494562086
00034-12,1.2358176203931461,0.9016027946427644,1.1214971472884547,0.5086832071391889
00035-01,3.330694195850004,1.7796573128847164,0.8285308655342649,0.6317239279218305
00035-02,6.3186142309798585,6.13116456798794,1.1688442483790495,2.1996935816556435
00035-03,3.3064702606850997,4.038035045551572,0.873509447358553,1.5886910541175228
00035-04,4.457346810038734,1.636301780134414,1.0298645457462232,1.7621896300030322
00035-05,2.4977932595289745,1.869440025297398,0.7009474820101608,1.5828958837861835
00035-06,2.2712128217853436,1.5378130539409525,1.9071549174732354,3.189025800859861
00035-07,2.5130129229919973,1.9446271140431812,1.0535551204237563,0.8645657572480439
00035-08,2.6554345739171623,1.7618775400085718,1.6336239575456948,2.6381086531587945
00035-09,1.6927037705348675,0.9574822538191904,0.5232929269352752,0.9438421529258008
00035-10,0.6432632897841073,0.30646937178152955,0.6601791434608046,1.0147455905677285
00035-11,1.6450666591625147,1.2588379925310336,0.5964208809805899,0.664355325419686
00035-12,3.1899159684352307,1.0054312298600332,0.7347688395346691,1.1507038269184366
00036-01,1.0025797344079967,1.6810803286084504,2.3486483616245906,1.2951528977394728
00036-02,1.8563707334265274,4.715255246474378,2.043658019418342,2.898231162911338
00036-03,1.1813169229750673,1.6306434471092723,1.5911596045228107,1.0498365456016834
00036-04,1.5679417044886155,0.5895791753733015,1.534814402593509,1.2125010394242863
00036-05,0.3675119675674406,1.5871082854820644,1.089620187563648,1.0280633256607097
00036-06,1.806373097170204,1.1374012394045572,2.210955950419038,1.4727708454340616
00036-07,1.2336187739381606,2.6648323490953993,1.2143225042565962,0.8513198493289519
00036-08,1.1524894205959038,1.1408588924296312,2.1077912816621667,1.5288511474798692
00036-09,1.0329112816699766,0.4310852863590118,0.7416909515407809,0.649648227779397
00036-10,0.8539415075361602,0.3274746298417437,1.1844970498199594,0.747289212775121
00036-11,0.45621122148784665,1.0553090412762738,0.27639956664959164,0.30336260140106486
00036-12,1.6671862706709935,0.5874449725393799,0.69992872777133,0.46804815713880205
00037-01,0.6084482596808275,1.4870630520405814,1.4817425012437548,0.4097810721136474
00037-02,0.8957328215607298,5.805484412503,1.2194009993189738,0.7077829009862621
00037-03,0.5978116259579523,1.7674559251204593,1.8482355176113683,0.5156850910310102
00037-04,1.0097148104075004,1.4646291409099523,0.9230113488485502,0.7001992949959602
00037-05,1.2504922598150776,1.5056267379128494,1.106587804082576,0.36441967774319034
00037-06,1.0899800466468479,1.954163885708113,2.320268661694177,1.57099194290653
00037-07,0.6929497143619675,2.2722770414427855,1.3800492585503545,0.8069405653962842
00037-08,1.0543677062686245,0.4828368155574095,2.394983651615612,0.48199327252749435
00037-09,0.2984414012462299,0.4596060707960372,1.2491278921716993,0.2737000011995327
00037-10,1.218986063783531,0.19892346214778242,1.5084416406971912,0.41936048433236234
00037-11,1.0053999201510646,0.9801189957843672,0.5183721845941461,0.5296186765527473
00037-12,1.5123419638117872,0.7109370025952412,1.1760013139485923,0.3119378670999495
00038-01,0.4565284111079097,1.060053852142517,0.8502312102806768,0.13758469473474333
00038-02,1.7832695775666114,3.9880102909659496,5.426498762987929,0.8732843497111005
00038-03,1.2203635884198654,1.0742312752597765,3.064885840939988,0.8508238907181304
00038-04,1.826091670148815,1.0679593805373981,1.7631103822057625,0.5255659096363468
00038-05,0.8435808171279134,2.957981965230499,2.262836702156713,1.3979700739252292
00038-06,2.7987981336869936,4.733528023914884,4.516715948507508,1.6542870545655086
00038-07,0.8428960206214983,2.9341683090185553,3.1358289157596735,0.7606560509888765
00038-08,0.8327951075351925,0.7009988464018995,2.5855128541364767,0.38864731598379204
00038-09,0.5740947197789263,0.7785213032717446,1.3543351981812783,0.2933984451716852
00038-10,1.7449516903990618,2.750486077166713,4.119073794686732,0.8782107940320815
00038-11,2.074947119034137,1.2140747866395911,1.443200728373854,0.6055341858171148
00038-12,2.8256846697095215,1.3118524826777052,1.2849294148859498,0.49659235390720025
00039-01,1.2018559669561133,0.6083173838874593,1.2321648644893204,1.8905211822671557
00039-02,1.5242037396602475,2.442552144836081,2.41890003540964,3.0765201341976027
00039-03,0.6474731436094908,0.8033351628421113,1.5532183714561092,1.5646754500774607
00039-04,1.983572672624193,0.6472918709727503,0.5598550274161053,1.5996589823745269
00039-05,0.434909782015208,1.6848113563547613,0.8380372200516258,1.5926308774188223
00039-06,2.079698709400658,2.5578382103781356,2.349951659463784,2.4813146312871934
00039-07,0.7943970676337487,0.7936722169731669,1.284527056907638,0.8207775637862322
00039-08,1.4628497219806453,0.4894615338616131,2.1191149882878144,1.1397741106329997
00039-09,0.7772775066485227,0.5426690440980152,0.9878347534293646,0.3465682006608057
00039-10,1.0771637455040803,0.7109146444872841,1.5139458778490373,1.67874065871687
00039-11,1.6752904343985195,1.0101896399055792,0.926970487561566,0.48046982460122006
00039-12,1.7248853131858262,0.5728060791899657,0.9824868896864448,0.4828064838241642
00040-01,0.9373076228707841,1.509846088280976,0.3249424422612606,0.26819894346192746
00040-02,3.567997503535924,7.345402058729186,1.250099770165451,1.84282304913516
00040-03,2.0036533164008663,3.391275202751752,1.5356280944056475,0.8145407493442585
00040-04,3.2806870963920765,2.714302909107672,2.0485700780698504,1.6548101722059747
00040-05,1.0454170098752111,1.8709849906238096,1.0347090656840239,0.18472962077525465
00040-06,5.159122511298374,3.2277943950970487,3.169328864659315,2.2447009350774216
00040-07,2.6499591076104463,1.9249666344446315,2.030300145578985,1.0018204022607644
00040-08,1.914960149421796,0.8109984942407286,2.0630565335185187,0.4276759398943261
00040-09,0.6093410650370568,0.4122149051949918,1.5312278777393367,0.23996536289404125
00040-10,1.3036518581664098,0.9157854751531617,2.8713147399000385,1.1376704158803361
00040-11,2.272371578658464,1.5675804098697896,0.6773352847833605,0.43298553635094766
00040-12,1.3144608982073238,1.0316156356731498,0.7645524080434104,0.1658230169326078
00041-01,1.3047845419212318,0.6093992023030376,2.5635659997188927,2.2267780006935904
00041-02,0.6730765350299425,0.33364346512663245,1.929789783906121,3.073526939174689
00041-03,1.665110564487796,0.6394319204305858,1.0683764381756853,2.035483468299589
00041-04,1.1477905066456644,0.6624524660778056,0.8659295726709926,1.7547417811473973
00041-05,0.8302724043953905,1.1475731349886473,1.392745975986712,1.3363478781563083
00041-06,0.6141246979984707,1.331773915730046,1.6937646064279384,0.9869858214989391
00041-07,0.3434161972166909,0.5400347585331409,1.9184188077309383,1.1822277269509462
00041-08,0.39565736965026677,0.3284803831658024,0.8809897216931836,0.768045271971322
00041-09,0.42118479117625685,0.19941707840130193,0.389123935515315,0.5309511387415623
00041-10,0.35066574062104267,0.558527065003616,0.4557755210953376,0.69915973071712
00041-11,1.2948066471014512,0.6111884216882225,0.9897481656160935,0.24494578176150503
00041-12,0.9095013253879597,0.525462567701007,0.736953005048571,0.5790394401844534
00042-01,0.5530197033854288,5.199544346539995,2.0646206838593595,0.5972170998406675
00042-02,4.018155010478334,4.383518956792385,4.786809719767932,1.3056230837551661
00042-03,0.5143662929910203,3.4513101839499094,2.5496317273639852,0.7242623939008408
00042-04,2.31014242175706,1.790896135615506,1.7113421803359685,0.9182130606092003
00042-05,1.8514592125386087,7.667598973958667,1.5082839127092458,0.7951780144644247
00042-06,2.4077465409435863,5.315717068288398,2.1607886276584845,1.7986016331743326
00042-07,2.7117802888100595,2.9165910104279726,1.9119782630808893,0.5377102050119745
00042-08,0.9678247504875197,1.4604807270029379,0.6477633388423112,0.37599825510498197
00042-09,0.6704855604553427,1.487722794889919,1.7016140106798774,0.6908081282449579
00042-10,0.646939153426171,1.643180299657152,1.4394801145604998,0.7772732156057034
00042-11,2.7463450840289645,2.704047395659614,4.453014774224614,0.5601866925735597
00042-12,4.330793106251936,4.17970026664747,4.113443921185531,0.7537030045602788
00043-01,4.532515618350878,1.706115900785429,2.620958851786104,10.399733716607795
00043-02,6.458106786976174,8.114161289295883,4.426551747717533,16.19502325677306
00043-03,1.3495357405639914,1.977477923660866,1.2121118521696714,5.548136834146836
00043-04,1.9230397041606608,5.777799088515882,3.9395549991077443,12.032998539886117
00043-05,1.2726136265902517,1.3334429927499791,2.5050429124980096,1.9804044882914973
00043-06,3.8113897125268235,1.9510641673013511,2.665274755642749,4.507991760856267
00043-07,1.8377791342503103,2.1597531499408342,2.2479442414873896,3.46938788633888
00043-08,1.8413936735889673,4.655131979854738,1.0603218782551094,2.893781891068062
00043-09,1.5486885948382103,2.378352136220401,1.553375973046066,1.862104138362053
00043-10,0.5283209264960688,0.6771696116786976,1.0226418501188896,2.1426927153066764
00043-11,0.43624136048599416,0.6640725281607475,0.9763217860899998,0.5252892265653768
00043-12,1.5268811632092774,5.430329104426298,1.7989684567120763,2.931763919852332
00044-01,6.115882014212434,3.6308944565433596,6.57926536737255,15.514882265792133
00044-02,3.8779713563125617,8.67584899184246,9.090080800677194,21.73061457570571
00044-03,2.4457440658286407,4.188633439350911,4.222609693744415,12.266919536382593
00044-04,1.1781683865198525,7.130751501931482,2.989512921899933,14.291198044002352
00044-05,2.73105279288047,3.118446948681732,3.634437036062184,4.04027113210849
00044-06,3.6292847342535377,3.821045740095774,4.591922020940962,6.507180748856485
00044-07,1.051345273938439,3.321953998822564,1.9115675267924672,4.069329543468214
00044-08,2.393245225010739,8.744115509030681,3.043691358696535,6.34261421293777
00044-09,0.9557426419065529,1.8572188054979435,2.578008892208381,3.8484926754223334
00044-10,0.35469493575912764,1.930793708666026,1.1024266192524885,2.9441894394716637
00044-11,0.30185692372591777,0.4797349624289849,1.715032551383767,1.6049415592487073
00044-12,0.5914328020977234,5.457231028742895,2.507786353970771,5.355116111356803
00045-01,4.647993908282717,1.4772500902412646,2.7630117481608365,10.190240603159252
00045-02,4.632914694173625,6.064796551476424,6.55317575233672,13.560538369175418
00045-03,1.0227802758712412,2.8712470662427307,1.7376265815924445,8.057186151762028
00045-04,0.6528874000795918,3.067173838650722,1.8671484727756487,8.097659240409792
00045-05,0.8902001082391643,2.2683194432510527,3.0422131896235185,2.41920741367112
00045-06,2.5952588722432446,1.5925869759015672,2.0684465162957006,2.3622363529121624
00045-07,0.8443714376430644,6.1121121819689215,1.4179633848634041,5.945187844931155
00045-08,3.9058146447064668,4.309966842824208,2.0183082389724936,2.7467729289326925
00045-09,2.855228138022019,1.495062179062536,3.2571557187399347,2.483117749477089
00045-10,0.7717235036020698,1.408867457480818,0.874939147205267,1.4407108627635206
00045-11,1.4469183078197383,0.9527892132987276,1.518551347960915,0.45621621798588635
00045-12,1.2701170756067806,4.244485300723583,0.8859459503960057,2.1008445845461265
00046-01,2.147256776808201,2.161034655920721,2.6988832584333746,0.40766046929207533
00046-02,4.863258330316373,2.2295933431632107,1.3206345970377005,2.1040279103892803
00046-03,2.1804380647047483,1.3606106272221266,0.5224686017960205,1.1045251893510404
00046-04,3.544679632055002,0.5327465213065554,0.55899267958967,0.9213757964144073
00046-05,2.0634487425910217,1.8339166788250376,0.8309082508445633,1.4155649596777258
00046-06,1.1749899766568395,1.0691514202762034,2.724723138947837,2.5843457247665946
00046-07,0.5864498152481351,1.6150002167934148,3.1757409129596885,1.2884159990457151
00046-08,2.6073802734831095,0.8407490919236152,1.7321516361062952,0.5664160571890723
00046-09,0.9656062814240578,1.1005728780579542,0.9797280093484037,0.6006459522122839
00046-10,3.16299195163286,1.1430985133106826,1.7518840273852465,1.3379849504608028
00046-11,3.52894269091617,1.462006796378594,1.198100561638398,0.8708298995314883
00046-12,2.1711293728603414,1.9060067891480679,0.3391975552089207,0.3228423995030477
00047-01,1.6763911586269913,1.1794227306787557,1.9360382533936187,3.6896721858058945
00047-02,0.9897145852708161,5.38911897337092,4.826837954904694,4.331945314089676
00047-03,0.55756850464911,3.686474347617306,2.22294954755629,1.4672333556218067
00047-04,0.5220595663252793,1.0150769802464241,1.542216472897458,2.149580563943281
00047-05,0.6252128007336082,4.06522684148585,5.518089805416048,0.9879853266010467
00047-06,1.9562781308703556,2.5651388931963197,1.13665538048271,1.1282638887977272
00047-07,2.3543505191307754,4.448824093182664,1.2599327973310073,1.4228813478551057
00047-08,2.5959502397136074,7.243085496592345,1.5406709106029979,0.6493413999054944
00047-09,1.8201639575404016,5.948805081199992,3.9914476084782335,1.1195190547606124
00047-10,0.21347592301962898,1.66753002779047,1.7177067827172983,0.8956961004035956
00047-11,0.16328966139957654,1.1281086204353925,1.4372943599173322,0.5309079619011831
00047-12,0.9083705055376762,4.188208215848381,1.1811536581701552,0.41724918472379574
00048-01,2.0937534650998164,1.9180121490695268,1.8976031704795309,3.147479012329585
00048-02,3.2528916386294937,9.5088605316851,6.128304932192055,10.830892229227613
00048-03,1.4612265102500621,4.108481500135118,2.8010613671882094,5.817747314767214
00048-04,0.5041325370068324,3.0413434176839624,2.041583398202862,5.845533897130247
00048-05,0.5380819769532849,2.1420895542814353,1.7687373553132681,1.5082641594395205
00048-06,1.6535891467051296,2.807154950676003,2.1012956647275884,2.8527123801590104
00048-07,1.2216451806841144,1.8157473402447704,1.6356352088451742,1.487038963246785
00048-08,1.4456114896148025,4.723803872037707,1.8850700901975936,2.179395820193654
00048-09,0.7431484788920462,2.8036699567836076,1.899983314753186,1.100328735565851
00048-10,0.1335983603544326,1.3817750503520818,1.358418730716089,2.81386585933956
00048-11,0.0610418539687703,0.3097157980535148,2.239003422917473,0.7622405209943361
00048-12,1.2099782285438305,4.571768843813166,1.974337382646667,1.1988267933270422
00049-01,4.653732198734292,1.4076199503410933,5.29795853963437,8.157351157817095
00049-02,3.3101811692161314,5.259434110822973,10.125037579045848,10.444674340439617
00049-03,1.5795094528670257,2.265649971795987,4.390988499264921,4.897435817859486
00049-04,0.6584773787183484,1.5774648917150307,2.8613683341531755,5.629950791443752
00049-05,1.381262563096831,2.814594579761095,5.706886952059061,1.550902962394144
00049-06,2.9322310806796534,1.4957660142677631,3.7971407220305875,2.8665999674217018
00049-07,1.4588775817868602,1.9369077125335745,1.9181047913044487,1.3421431862753015
00049-08,2.5009934227273565,4.348839430927607,2.18105937391186,1.029055719019693
00049-09,1.7257155895775547,2.214115928208441,2.4295691063539273,1.2110607813443457
00049-10,0.44695802973001686,1.9865217172702918,1.9174425667668358,3.5870575423344526
00049-11,0.3478850001567248,0.5888252974702577,0.662646601897556,0.851602307541492
00049-12,0.8092739784954006,4.7624852056835545,2.249594542777456,1.2286413173079922
00050-01,0.8984230071872,4.123411349144411,2.274117413256756,2.1924568363620875
00050-02,1.8539388999838844,8.73973934116942,4.546848261689127,1.982928494567127
00050-03,3.426016715073875,8.464059011458938,4.345111978758708,1.4689021190460434
00050-04,1.4098554846727953,3.8276782627855597,3.662238077977758,1.5704119453104695
00050-05,2.414421951965893,4.165143029398293,1.6285378571786766,1.1839555944205475
00050-06,4.412879669396863,1.6036217673327136,1.176765633003768,0.7439155628691512
00050-07,6.709678748419225,3.9115618057848933,1.431258049015855,0.11059792390850094
00050-08,1.7502414121140777,4.632151192353896,2.5106389519519388,0.83943301453469
00050-09,1.335441008668357,1.642782505907232,2.8358321073052504,0.39398217756170034
00050-10,0.7821428299075327,2.6362856869767017,0.888999163946936,0.3074639888446563
00050-11,10.446497585808196,8.270690309779992,8.473738926163112,5.286413801648487
00050-12,3.7142969707090465,6.243230739513916,1.5834665046660823,1.1965158542466547
00051-01,0.6190701260677017,3.817449715513646,0.5564344269534642,0.46478134082774236
00051-02,1.9685146501924295,8.060176345893941,1.4657513610761634,1.0164176209017417
00051-03,1.5244952841013395,6.777395166979828,1.7523977414007028,0.45992152068249853
00051-04,1.3662652530394093,3.507952871676821,1.3688423114473636,0.3950886185864314
00051-05,0.846809562322134,1.8858271190207858,0.6165255554686007,0.14438435797923657
00051-06,1.0549837270108122,1.6692824179870673,2.151585586194808,0.5918115799142913
00051-07,0.7110125898826102,3.0320328660691818,1.4013779794096812,0.6989123734623381
00051-08,1.4496952701242458,3.3655687854933642,2.2311482180038524,0.5229979250121912
00051-09,0.6147035075332775,0.9630814452573713,0.8903625817616792,0.17945589900676903
00051-10,1.4486047072827046,1.0918711836959856,1.6777902871119044,0.7392894611906828
00051-11,1.847672118198489,1.5732296450471295,1.298353583713563,0.5884168026575338
00051-12,1.1631961408685914,0.9394277990103052,0.4240558617727081,0.33540776320575444
00052-01,1.3726155614042306,4.965219048636841,1.8816538951636936,2.977751550739635
00052-02,1.8033050508341104,10.584840855565433,3.2504864322897187,1.9833950978327257
00052-03,1.5056492583278573,7.718558648456644,2.277000889519346,1.4881814980967936
00052-04,0.9135164839589596,4.651527868149556,1.9894766665765282,1.7412394993640554
00052-05,0.7440861621948084,3.5904353709518855,1.662880397224957,1.2072468479794343
00052-06,1.5203403140632763,1.213068734513564,0.6358991535596495,0.9251859727435853
00052-07,3.2687878064048506,3.503657730225303,0.5827347819100477,0.3547543265953436
00052-08,1.1939855705391267,6.601596374506674,1.1377273197393434,0.2563138989303609
00052-09,0.8039392720477668,2.618894394358706,3.1940504070847955,0.2627939591935907
00052-10,1.7333317928103027,1.076015332914956,2.643923779455486,1.0444937257970726
00052-11,0.43488815638074974,0.40662684279737116,2.110798047487945,0.2665225048737353
00052-12,0.5235559113981537,4.247730260720209,1.1790172669939902,0.5792989832029063
00053-01,1.7776101620843636,2.3077098640630465,0.28042351543475685,1.0472442155621018
00053-02,5.163458207097007,8.074796390371311,3.8178378864707043,1.8804211265300657
00053-03,1.5558304290610716,2.7381961489815287,2.311258130535726,0.7282332653219341
00053-04,3.0376100608562333,2.390554802046277,1.1296854490727664,0.9166269720757384
00053-05,0.5509612374698123,1.7073286371363032,1.1860715310226018,0.186835877899318
00053-06,1.5479217055436172,3.4489431352145905,2.6048086919087954,1.0748589472339078
00053-07,1.1747837159774033,2.482306842529457,2.7297824396689347,0.688472870279748
00053-08,1.8796715370580181,0.9847889904422525,2.1109107459702066,0.49414338191290264
00053-09,0.7840398837038471,0.32908999131695243,1.297612839456422,0.4463859700756666
00053-10,2.247198847782115,1.1399640512427498,1.584838286007166,1.0237674080755543
00053-11,1.2853090505355276,1.1231344936351586,0.8652145193252478,0.4793444947480908
00053-12,2.410978789220698,1.0464878098249435,1.077579106676208,0.5663295177939082
00054-01,4.001382515194248,1.2280248694773317,0.8374232463378303,0.8479450945397669
00054-02,6.710437076480837,5.949966632426018,3.063450492772821,1.6256610697334208
00054-03,2.102858454541858,2.8681801066705708,1.7823280104682981,0.4108728807589245
00054-04,4.49474473903455,1.9874731154915888,1.8143053830275018,1.1929673553391864
00054-05,1.1840330403988502,1.6348819373264305,1.3501883556578977,0.2692888947091488
00054-06,4.14996727283342,2.394195584870594,2.584100276896895,1.3559643627817977
00054-07,1.5898921877580552,2.921777570179624,1.985513392991131,0.6458059887071548
00054-08,1.985193527464823,2.5359923024323714,1.369772194735638,0.5223156327223624
00054-09,2.079117596396158,1.0661443214343078,1.0189493394140159,0.8459863998685453
00054-10,0.9556739213476264,0.430467183723675,1.695744362322068,0.5231341475649736
00054-11,4.429743051398132,1.5303730398629833,2.630707042353532,0.703094104530432
00054-12,1.1146260109235488,0.7800707395452077,0.55457031247298,0.31346653935798835
00055-01,2.581563654419572,3.387146336601452,1.162942256173481,2.1585185533704263
00055-02,2.5273850845792616,8.206251490592125,3.232560805586249,3.528655227002187
00055-03,1.7350614962705693,5.526844103636849,3.1178488340657378,1.9465283946590999
00055-04,1.6619702652271848,3.2662466681814153,1.323812772784976,3.0529878163700266
00055-05,2.3368618414508773,5.040899507226587,1.1755262493440652,0.9981524679096712
00055-06,1.1763586595513447,2.165832374721998,1.2296359416900724,0.6650595529744057
00055-07,1.8610319509576159,5.139231390046046,1.1559106275675481,0.48454905818036664
00055-08,2.1681689172387504,5.561199487177873,1.9152144361579244,1.3930827040130966
00055-09,1.1348814709547483,4.2476484340547085,3.174181790065869,1.2525827320364997
00055-10,0.4701857542921596,1.8162080376673173,1.424448447837035,1.4269405890070381
00055-11,0.36488073649896424,1.4555080357226067,2.80168660241206,0.11222795309105561
00055-12,0.4376935506709086,4.23732062087503,1.5882115367168905,0.7878711095041929
00056-01,0.8692615145872359,1.2362874363208844,1.2274743215296982,1.3856870280126348
00056-02,3.0095958230099,3.5726123569251342,3.7826527597341886,1.902289303841945
00056-03,0.3951761453153791,3.0826593428199436,1.852328256149831,1.3182408401939225
00056-04,2.7708094152170193,2.6354111489295873,1.7947186703861733,0.7521025789660399
00056-05,0.9088130840436697,3.5790545067689874,2.8971991248862268,0.38131797385559024
00056-06,4.839656192874845,6.842271940044073,7.071952174504184,1.4803885100603031
00056-07,1.7828274005253975,2.675398966844295,2.4192071498095737,0.6208539685076719
00056-08,3.0685353022840234,1.2609605282231107,2.010925453021305,0.4777663442079658
00056-09,1.207097051526924,1.46663479959784,1.9588949146305241,1.3136617776391881
00056-10,3.663970488912035,2.3012647889333024,1.9731645452779567,1.7197915131833648
00056-11,3.021111826829388,1.0481614137253479,1.599934221008102,0.7584564628265167
00056-12,1.852957233081781,2.9485678437573903,1.1512092002562684,0.3628043615138797
00057-01,5.031127309668039,2.1699245968916494,3.512690898389191,3.426400911695626
00057-02,3.6884225605645278,8.764036891981384,6.55542158108155,11.455826556772033
00057-03,3.0000710029471827,4.539613078291445,5.249749872821659,5.539223628420806
00057-04,2.0246696237568385,3.09529843793859,3.095832309129476,7.994783179800176
00057-05,2.4370438918527597,2.147483427016784,2.328533064674921,4.4672080227216115
00057-06,3.2579267875850824,0.6706172744909219,1.6087703841104906,4.982944087221704
00057-07,0.8979639155537397,2.6750245346288377,2.6898686867325288,3.4975770535430337
00057-08,1.5822766679507387,3.909130229765544,1.4162126845248035,4.169480274431988
00057-09,0.3106322882618008,0.9184388355470474,4.059828404804901,3.140348398843484
00057-10,0.6410663400521777,1.4725189198213238,1.2932401044030248,1.432512158883357
00057-11,0.2859090864872353,0.5892954709064386,3.786169482042579,2.185657534129068
00057-12,1.0877850860277285,3.543979781722874,1.5203055971735522,1.6549890471783308
00058-01,8.501137352413595,21.29410986371847,10.193869035745758,5.91774722021372
00058-02,4.191964350236091,16.34438257281563,14.202386353098928,8.905074327458708
00058-03,4.654944046595371,12.974548635359305,7.200555561680384,2.8054563140631337
00058-04,1.2528455784598926,11.808364302446773,2.657799088663542,2.7355087865134875
00058-05,3.6625291788195855,10.309413808584809,8.552137153208617,3.164175018153294
00058-06,5.229334866647987,9.471760993875531,10.035670406893798,4.655924407285006
00058-07,10.202959886738935,15.22227564245693,1.2783259239682807,6.001509932905009
00058-08,3.8609884974635547,8.90377463632418,2.0017010452081996,3.563552771844413
00058-09,0.8113971581918134,2.581507671555949,8.54125337273059,6.297314725881398
00058-10,0.29206287715726503,3.3023305966148673,2.704079754643112,0.43490115829497944
00058-11,0.5594757766928599,3.221863052562074,2.1754378347883256,0.3370487107580685
00058-12,1.7190143420374753,11.24903318642196,1.5906542475335554,1.8561161257641428
00059-01,2.130839845489113,6.5566250157041415,7.3159644143895095,7.007849669559351
00059-02,1.77766175106147,9.05597335483362,10.703664963095546,8.421974971025545
00059-03,1.607768563871761,7.445122673775237,6.832459833421256,6.439914916279156
00059-04,1.3482242057092049,4.09282103069103,4.255884677741507,2.6083053992739162
00059-05,1.3446414114672516,5.255226600241923,6.266330762474843,4.130042831548668
00059-06,3.354129798763886,2.174087863858811,4.642034240572503,4.399260026039763
00059-07,2.858232011038544,2.673595755413988,2.2907290717681366,1.6562319633839369
00059-08,2.9268644641921018,6.729053759076344,2.197355202112625,2.779924099739037
00059-09,0.19979994035690146,3.1029019222192207,1.7514332648239297,3.229069247357282
00059-10,0.26082130593738234,0.8905536747189947,0.9806567778672286,1.585896113798152
00059-11,0.18461359444087438,0.5226212300765395,0.6518362910797388,0.7467753388258793
00059-12,2.2462307746802783,4.706243282376079,1.7786081390293462,2.4491496299136664
00060-01,0.21666687754340916,1.945423959196937,0.6281097743235189,0.22703860881072255
00060-02,1.3502360704940761,5.947255698322807,3.190425040017988,0.7201741734117589
00060-03,0.7066486681962691,3.0700077973323974,2.239501225187603,0.4807064414864034
00060-04,1.0128836068357199,1.5754778362485589,1.916170800672144,0.43060039522124993
00060-05,0.3284963313478152,1.1860224620707056,1.0869762854748666,0.30992412889851134
00060-06,1.3784354376889374,1.9647078590814524,3.6607327800793854,0.5923944425186254
00060-07,1.889149673766061,1.1121381712615013,1.6139887164227484,0.17633895802529484
00060-08,1.7885617628029364,1.6083276977912595,3.064110150497238,0.5020793933882941
00060-09,0.1968746501384561,0.652708114487666,1.0290932616543138,0.5829063872013858
00060-10,0.7557437950469176,0.6997397947574477,1.1744065119797023,0.5071193004719671
00060-11,0.9650236872390991,0.9232115327518229,0.2949407894816374,0.37235031108894107
00060-12,1.1397976364283848,1.2190918060558271,1.0054386448086297,0.46062903933023
00061-01,4.14476659520633,7.745866934273674,1.2105090427992367,3.0893818498410286
00061-02,4.264392645195046,12.574166993213032,1.9919107754239465,4.039885000616251
00061-03,3.2948634829666186,10.80207719596526,1.6125830495485793,2.380961904683099
00061-04,1.6289640389514954,3.248370811014321,2.280184351421552,4.330973827473219
00061-05,3.3067209624482445,7.820771298769056,0.8557381180278001,1.0045506909556918
00061-06,2.969047070700052,4.805791734706158,2.7948874578974428,1.1500945806049403
00061-07,1.4016334415340643,6.284756530822583,1.4553873741761711,1.190357262609919
00061-08,2.3083197661406487,9.508083097000323,2.423606423840639,1.0072120987176116
00061-09,1.1463149413501617,4.438764625861211,4.6737632256812205,0.640938639915338
00061-10,0.8395350915827202,2.9077544728751348,1.9708006861888976,1.8750715058687581
00061-11,0.25054029686775864,0.9026593801759942,3.662899833285785,0.14902094909640937
00061-12,1.9756942040644039,7.712733965126104,3.6822444580702487,1.8378842899278651
00062-01,1.3913084328144716,4.669407803996297,5.8359550201013874,7.073410518685897
00062-02,2.7235018210240702,12.431592541610433,9.134875685093517,12.646489291515456
00062-03,2.9705597508630865,6.045086661162734,5.529530947661803,3.4912027598382513
00062-04,3.1338708243017703,5.318746544027019,6.064658467527343,7.6279600609318665
00062-05,1.6068950718453143,4.008079601981938,4.95219440814555,2.018385039177932
00062-06,5.63460454050773,1.4416999906519403,3.139493145207444,3.2870244609699695
00062-07,5.750832455709626,4.115734792192328,2.5148600544307937,2.3751913496196164
00062-08,3.906808366942202,6.920596294172804,2.6427983074858092,2.456234790823534
00062-09,1.7724182634629406,1.3316184083231035,3.7060839001020507,0.8149025321661933
00062-10,0.23219500146161182,2.6033263233151214,0.7339369718891822,2.1856830673294274
00062-11,0.3017501207205974,0.9029272400105024,1.9267117789974249,3.0715875132726786
00062-12,2.1384049792129507,4.959602698737206,2.1647519074574735,0.5904445460251837
00063-01,1.9591361536151544,0.7344649414313457,2.110295319725635,1.0245941930858706
00063-02,1.5064191109882863,1.7337351955786842,0.2493752729219906,1.6201704653731117
00063-03,1.0422906912915169,1.1272184314787224,1.4021862237961062,1.1189565234651313
00063-04,1.6606217458527646,0.37448663788075204,0.6728274289291857,0.9777600917489522
00063-05,0.8303617490750888,1.435587789936388,1.114245280008513,1.1509503698233576
00063-06,1.9001921993892497,1.2514467947948467,2.2027490968609724,0.43641180193798523
00063-07,0.4840511245695557,0.599870332795606,1.9070474182025212,1.0700507781337862
00063-08,0.4941901697487181,0.6685608240624362,1.1382816795141448,0.8169553350489112
00063-09,1.3341035541078046,0.9598192631037817,0.6484811678115945,0.5379030327251851
00063-10,1.6014658505108383,0.3154461845273072,0.6672318888546748,0.20286610527297233
00063-11,2.276468531451398,1.2818688993419993,1.1190947400013083,0.5108763260814757
00063-12,1.2810554682994508,0.566740494547758,0.7046326414336707,0.27536760428594526
00064-01,0.5367233480514684,0.664311594849904,0.7967783088761652,0.6728718691403223
00064-02,0.6367623196356514,2.3336929027844464,0.9455398426195872,2.179302153566295
00064-03,0.8925037836929662,1.0371993239199628,0.8317988993451885,2.0110465337306684
00064-04,1.6087121042455306,0.9241950602179767,0.7487071915696892,0.7130642002995635
00064-05,0.9467426730093432,2.1076659770694457,1.072944483922653,1.660391236704821
00064-06,2.0717141906691694,4.024376144253726,3.0027484520701697,2.7037221089164016
00064-07,0.3788579228299015,1.6445286390499372,2.0441109484318525,0.9086262311142846
00064-08,1.5130166047945255,0.7134334662964356,1.6184309821378995,0.8620806524188084
00064-09,0.7016524634926979,0.5827710149934634,1.1713429850355201,0.4474875992906465
00064-10,1.1461196740298514,1.300467606683885,1.1671614249811322,0.623963166572436
00064-11,2.260927964810842,1.2887349690592385,1.1309772464623613,0.7136727991558888
00064-12,3.32828153739588,1.120556403452901,1.3676602654333645,0.6056119007965882
00065-01,1.407645681785942,2.3855957230544305,2.9147607558726265,8.996318439322351
00065-02,1.729554789263264,6.775228326915522,6.433681161066093,8.155652760774293
00065-03,1.136401475483631,4.58765563304766,3.969468682256443,7.9941941526105165
00065-04,0.5677072821422688,1.2597193118175185,2.677973616801567,5.454840191697881
00065-05,2.409493856496292,3.084438939051952,5.344330358323192,2.660251825568707
00065-06,4.884847286614206,3.9774017773217665,3.160125118820858,3.6439444455351175
00065-07,6.352127087742865,3.725665254210471,1.6040927728213188,2.5831913842904672
00065-08,3.675372913934723,7.4828954440537006,2.2236271649364303,1.6359180833213511
00065-09,1.9564112349311147,2.996889343661975,3.5123754903126847,1.2498921560450127
00065-10,0.44769208467288507,2.051866175454566,1.0792492684009587,4.467655379691751
00065-11,0.032931613753447345,0.9619398335065688,0.9054424106631693,0.6173261151869974
00065-12,3.8312762487223457,4.890251501434671,1.806615023576099,1.180183417331248
00066-01,2.0873373190551225,1.6672508965098778,1.1227741348930442,4.315574296397351
00066-02,6.9172338999654075,7.015668666585518,3.726267732656489,9.938177297301307
00066-03,2.9431985594533328,2.3186812435050945,1.595866751577475,3.8123458624248423
00066-04,4.410439364901242,2.7600435638386336,2.1138133845007845,3.337138766496762
00066-05,0.965535445105314,2.451563137304635,1.3276466294398188,0.8628209298864771
00066-06,3.3715086264337453,2.5224635959817716,2.1604093122111148,2.2166971915642617
00066-07,3.449284242938667,2.65931745961357,1.555443615223369,1.590328707270103
00066-08,2.6570544288715814,2.803018395060101,1.3813325259564158,1.1649288188151614
00066-09,0.687506833783516,0.8941807516388238,2.0596055213293156,0.8541422839725812
00066-10,1.8214415768951175,0.921231775337895,1.9011112282495637,1.945427018321403
00066-11,3.9163519392227593,2.3021789567218924,4.359782955380583,1.4381846790203716
00066-12,1.387272423957958,2.570439871726613,1.433544956123225,0.6262072206382916
00067-01,1.0809136231374623,3.635818947290757,2.956480857247604,1.9845432374766911
00067-02,4.680074729496621,4.044233999904668,5.670421126309581,4.861637366148242
00067-03,3.4655765588046132,3.010003409881409,2.2559284728651607,0.7112327952699397
00067-04,3.0534375311486848,0.8669838952102857,1.824058756548304,0.8975295116373229
00067-05,6.744507528990607,7.177810048889096,1.0320542726606787,0.9195821138025763
00067-06,6.053310485358921,12.356217473755596,6.737724722725861,1.7315698998716083
00067-07,2.251872761268406,3.8700491489145206,1.7060457200658434,1.961722619000095
00067-08,1.0537449828873258,2.553595731589454,1.2486908888152415,0.862843129399194
00067-09,1.2422295124853677,1.2510236367177336,1.2823302475307197,0.9340188365635131
00067-10,0.7349188236558324,1.1149148070003927,0.756560797106187,1.9138980860527097
00067-11,2.5035090835084675,1.0827859819356798,1.831654175730984,0.3946996816286873
00067-12,2.064096853357681,3.5560783353627863,0.728564589305357,1.0566560412388706
00068-01,0.6916292177497144,1.735739362985468,0.5966167202724824,1.1293392838427112
00068-02,2.4086109248501515,6.014491733340191,3.283750764207536,1.4288585341448796
00068-03,1.2134707401797564,2.625522857363502,1.516588898907648,1.1450940109919632
00068-04,2.6439240698288957,1.441774455736666,1.1080306296315323,1.1647355749703387
00068-05,0.6427486192440536,2.1543762188423465,1.2622598110323358,1.4028321123593512
00068-06,3.2114113288737864,0.6366615145014065,2.126509717715562,1.9075011102683925
00068-07,1.7292968127417272,2.206887998679888,1.9235266779241915,1.0013452018533537
00068-08,0.9473911286209904,2.1135986228550645,1.7124009669211457,0.97308044834914
00068-09,1.2023855906277705,0.9451563644677887,0.7856665066030284,0.38237494875065187
00068-10,0.8379951504957937,1.3006009818834305,1.6810127511774984,0.7586083639870748
00068-11,1.2559692916107013,1.1786119490623075,1.4959541823469173,0.5392671899078922
00068-12,3.2298914714817086,0.7012355592652522,0.9525412459860225,0.5377157184714884
00069-01,1.1052937742166964,1.8503424944274152,4.272329331999689,0.30834155173603245
00069-02,1.2693774200607135,2.468694932966036,2.9841473744452762,1.111005177102863
00069-03,0.93323271712361,1.1099218518185179,2.197743326134301,0.8591015920631576
00069-04,1.5108365787283304,0.7986629447507378,0.9199869093662218,0.4910422055960469
00069-05,0.49546968785715284,4.65025576772936,2.7284049052598465,0.5820545319101703
00069-06,1.2738168449786313,10.232546597344744,5.101148237972813,1.8489562515091724
00069-07,0.5090816055888985,1.535853867951752,2.0993285161251025,0.5825799979779687
00069-08,0.4785864432693829,0.44160706360677116,2.0924713184583514,0.4191299671920109
00069-09,0.6463135726443298,0.5381799312116354,1.7796114883082885,0.2763334925903039
00069-10,1.6789830119974352,1.7546141067455248,2.2977298682663108,0.759109450491408
00069-11,2.381434951306351,0.8888383882312426,1.3377824381725774,0.48154005790779775
00069-12,2.930679580123518,1.199081062495567,1.5730596946817326,0.5326602589121759
00070-01,1.060498520178746,1.5899046373821248,7.378860359539018,1.3026763943981476
00070-02,1.6755584817198172,0.8511909455978938,7.6478737415213445,1.697096012366855
00070-03,1.490687175384741,1.4176968376676566,3.617416536824784,1.1788767083500509
00070-04,0.7057894612454445,1.2459869307706362,0.9986914155005859,1.3603278787260575
00070-05,1.0735699527536005,2.2265169872679995,6.139988021487846,0.4364211897109405
00070-06,1.727280984706874,3.5441615903070796,5.802684557211469,0.5834247645073612
00070-07,1.6064263696070213,1.5414037631267332,3.683915652733009,0.39298349896092805
00070-08,0.4222100020738716,0.523577439090683,4.574678224331026,0.7633315554369692
00070-09,0.6474155050011791,1.3070752164135728,6.090035508904735,0.4255897871470166
00070-10,0.36046215527841113,0.42470209752114696,4.294683324864677,1.1890126237841674
00070-11,0.35504795983413273,0.5572632375928495,3.528539832190874,0.3090406260866151
00070-12,0.7881490907334999,0.713936424060239,5.5446543023368795,0.45295174704645597
00071-01,0.8014754199685622,2.0866546346020844,0.29463920570578395,1.0320575605726925
00071-02,7.105269983706371,6.539145502345778,3.125606020377189,3.2078831651790867
00071-03,2.2546025513418786,4.928449944701452,2.3144190995442773,0.9974025052931534
00071-04,3.9834664116840535,4.80811436551551,2.024644976979129,0.5082682270513019
00071-05,1.1261600600289277,2.2732059510305738,0.9402445306848147,0.7695864155200205
00071-06,2.5605167862567075,1.5101710311503642,2.5450854125168165,0.86513917240941
00071-07,2.153088415240634,2.263869204397009,2.488196327889505,0.6899782563855142
00071-08,1.9716668597855087,1.8967951856172243,1.7354622267870357,0.8328827150281479
00071-09,0.7276930740097384,0.7322315768371873,1.6181139922169785,1.2679114718706672
00071-10,3.0281868604851296,1.8506313895896784,2.8834246807669714,0.8703361008459638
00071-11,2.8971162411198,2.2964486101215886,1.307754526180343,0.8403104096888504
00071-12,2.4254332809168817,1.7442966056700784,0.39393851962207993,1.0136657119975772
00072-01,2.0073533825343763,12.066449311450796,3.294984655948633,4.807709967970136
00072-02,6.553581377455527,20.111537431615908,11.222214236912068,16.87565145526164
00072-03,5.583039235059389,21.532597643116677,6.741686466943212,10.390866887467407
00072-04,1.7744813204718877,5.211267363940351,0.6030345813458629,5.061844759047938
00072-05,11.465639667784147,19.825278379974854,5.517193935106698,3.061010108550994
00072-06,6.186796065445084,17.664013945503676,9.42889516009667,1.7186289700167778
00072-07,1.585466826707458,6.569753062292284,3.533213134825027,3.4315449325893868
00072-08,2.691699945319702,5.932752522472613,0.41230355578942646,2.6009305960766422
00072-09,0.8352444610434088,4.3336712586220445,2.0625978740867668,1.7940025465762313
00072-10,0.441278059160118,2.5442591697986496,0.7214923422524974,3.2858408251023015
00072-11,1.1598488932763922,0.783718486726232,1.1918484079690774,2.6488132708980103
00072-12,0.6092324427086002,4.979153601941152,0.2622471331416517,2.2575555379891252
00073-01,4.373991906926668,3.1402060558963725,2.641064301978313,3.492220546277554
00073-02,2.7939411185507246,8.476153259048246,7.2043312482444835,6.196599152694465
00073-03,1.7544690856131984,6.602787840785117,3.570146113786684,2.542958858845576
00073-04,0.6233220336192004,1.5998496811945835,1.0895940423805923,4.0362654454034015
00073-05,2.4471197791971258,7.9994957251046594,1.7556000210247107,2.117750758856435
00073-06,3.021354008253423,9.68203006772834,4.498923961179722,1.9047482605145802
00073-07,1.8948002643650477,2.710670973871528,0.9581558719625327,1.737001088292849
00073-08,1.5888314095480058,6.571992671146332,0.7259058537840976,0.7019262411472839
00073-09,0.8457426588325938,4.15853621396742,1.9524730149014027,1.9506649696358622
00073-10,0.2754601878887214,1.0533865431608769,0.9539408243793536,0.3200541410667469
00073-11,0.11250556866039664,0.23377636827791445,1.6302556680261562,0.7117475049935685
00073-12,1.0853918330779753,4.220290341488117,1.3651360229481333,0.7210689483162861
00074-01,0.8726758974111956,0.3309511205242291,1.5484449893705836,0.8055107481267845
00074-02,1.2698836010229628,1.6920719828037278,2.5595285632720857,0.8136642356489432
00074-03,1.9593802989341742,0.6087876850016646,1.6456081242540284,1.2354621786717803
00074-04,1.7053168664951794,0.569701839975304,0.898966609728286,0.9069143848813084
00074-05,0.6181382197003557,2.0688559452414244,1.848976172079579,1.5669000730498182
00074-06,2.710723703813689,4.35611434110073,2.9555869800247008,1.967417404662736
00074-07,0.836997831568644,1.7034019740030852,1.49821975116137,0.5148001756010575
00074-08,2.0835409730472225,0.7187219683565964,2.233554338535625,1.089697872840413
00074-09,0.9693654598569297,0.46370655335437244,1.0757733545810155,0.401011575672584
00074-10,1.463650684566232,1.681767102700894,2.3667167524881805,1.1958441982620047
00074-11,1.7203799357621659,0.9006130136549223,0.8513071079716353,0.7429532703113682
00074-12,1.9282490266511343,0.9091065509900751,0.8690650754695035,0.42956703127042717
00075-01,0.35521483692747413,0.7066279513638394,0.8444685683014447,0.1359032630099786
00075-02,1.5081819997199235,2.999352038490116,2.399259677438398,0.48330014074289146
00075-03,0.41833882013181173,0.7220257020452704,2.0041456830308215,0.2518389819116613
00075-04,0.6369003735915533,0.46797084351234053,1.6125179570718324,0.08980671771848339
00075-05,1.3376223097694586,0.6001773369194585,1.7511718241111967,0.9381362616540961
00075-06,1.1401221012849483,1.1788936166729498,3.175976073879059,0.7904130695933221
00075-07,1.0704276321841653,1.8153840846999851,1.2268913614169947,0.4372074097116763
00075-08,1.3050896230508973,1.0247014234835716,3.314080261422932,0.5673149101021141
00075-09,0.2578043274312593,0.8707034669113459,2.070060917307093,0.36751046824603506
00075-10,0.5202609228949183,0.5477980135054064,3.252748726462728,0.5746094205901078
00075-11,0.4826519373894037,0.5206090138466049,1.8646055609631724,0.35012996415932096
00075-12,1.6512480136132983,0.6674077678963298,1.0553749848085228,0.34039139240131233
00076-01,1.4324816594741516,4.242941669220529,2.3458386234432727,4.529045052121185
00076-02,0.7403674128906772,6.202913535740255,2.2927149671001206,1.777252405052636
00076-03,0.7845305555318599,4.074745642474516,3.0755318802027327,3.3293976096201963
00076-04,0.4817797989100348,2.9309981667314675,1.840983409581509,2.949526554605247
00076-05,0.4810215064205822,2.937976590472354,2.4157265809964548,1.5783590265620133
00076-06,1.9500054753431684,1.1792161176980853,0.7520438663785536,1.1038425768052553
00076-07,1.4489831893050398,2.7016876927393354,0.7733176826061612,0.8470476991003204
00076-08,2.303115701118365,9.268016960157581,0.45802397845534376,0.7035146642644758
00076-09,1.4372455190291062,6.560856156854249,3.3545277312908723,1.6358556393334274
00076-10,0.25337846904138583,1.7630872952234562,0.9531083086838259,0.904436790924589
00076-11,0.410351634594968,0.6656113544898548,2.6570121859336826,0.6247450604807984
00076-12,1.1829632459361572,5.794319153904984,1.6102511436687759,0.5672708170722999
00077-01,1.4714701187221795,0.3492156851952206,0.9199019134341281,5.6305056228197605
00077-02,1.331248808265735,6.843811742838923,3.2961881710453613,8.526232070019336
00077-03,0.5455740627781437,0.9687362087878808,1.1991949814741785,3.403323229435696
00077-04,0.9761342734180438,1.8216123383185487,1.1660260629816548,7.603243334885616
00077-05,1.003294603480329,2.730631192936144,4.416185354164198,1.9020908549469078
00077-06,1.0009235682917341,6.3908239086941965,1.0357954460816094,3.9693594575243534
00077-07,0.6900747299001818,2.3371477708755446,0.7113565199024043,4.17617929758205
00077-08,2.840826082083124,3.699341236142509,1.4775149805176384,2.078688301456374
00077-09,0.8811752317207285,4.21696417601141,0.9624407497254786,1.0875056322830225
00077-10,0.10574130579514963,0.7936826330963593,0.9101316050722523,0.44839360498637526
00077-11,0.24950438519222162,0.2927230056929961,1.6247079644568514,0.18612010217741276
00077-12,1.5532472291924002,5.198713993587179,1.6963728203640778,2.06075944800606
00078-01,0.9631695218333518,0.5753801528500057,1.759746619938556,1.6707690861101099
00078-02,1.4834440806200202,1.6148557254621938,1.0010076920009936,2.4624494018806162
00078-03,1.1332779753472932,0.9450096792387594,0.5504337932662833,1.54789932580251
00078-04,1.7899922891155913,0.5047911593973157,0.432579473100475,1.2601273449215982
00078-05,1.6136164057654128,1.3769452333398333,0.9274182331477653,1.3416019930300038
00078-06,2.3385178864406986,1.937675192859083,2.9782898047162667,2.5583453530143183
00078-07,0.6308686935956735,0.9970541873858835,2.4130808463643776,1.3291286461813325
00078-08,1.005832774954344,0.6350586321901533,1.1284891200550897,1.709000566721085
00078-09,0.973463443613861,0.6407838012303553,0.606856794726822,0.28025879902919903
00078-10,1.0205350640388968,0.9375465621734625,0.7896889183981712,0.7355937520597052
00078-11,1.5963753541258323,1.1888508600887637,0.7844152803055581,0.3396772829200236
00078-12,2.066892654159589,0.7004100015930665,0.9646207630626434,0.8026905288016886
00079-01,5.962889067839278,2.8564607960197868,5.355916756405212,9.758976397460044
00079-02,5.185677536081364,6.348073641409663,10.09018811869649,14.224152913063499
00079-03,4.285426788161773,6.414159013835758,8.26836742128415,8.815199699326218
00079-04,0.8030154048618783,1.3585506096461053,5.178664514454855,5.466743288638539
00079-05,5.038664273110097,2.7446314460880314,6.306064861184675,1.4963287701280088
00079-06,4.2519498058996765,3.4854578396771076,5.476250019065284,3.98861912362938
00079-07,1.2680750920535742,6.110621435257852,3.9708570909918803,4.7117276238046655
00079-08,4.87202696318145,6.5518165530745875,0.9040478814958054,4.329508272576584
00079-09,3.217949201781657,1.9828896214793303,2.961835952068232,2.062989490185728
00079-10,0.41770616205479705,3.3337730641893044,1.5243216906231227,4.3499991901347785
00079-11,0.8050465999404245,0.5434230078581549,0.5932660032849602,2.22984302463835
00079-12,1.3000833543004664,6.883517796775578,0.6434890203653477,3.565817528655752
00080-01,2.3307065602411257,2.4731664869183168,2.6773905286401125,1.569800476532671
00080-02,9.397176883714339,1.744190359390408,8.551335586317999,9.008032283710797
00080-03,2.77537131307786,1.910148865799724,1.7667081346648528,2.5975235945016584
00080-04,5.4723216298153305,2.146906179703037,2.5885524249074057,2.501483881565849
00080-05,3.3825474079849034,1.7943691652905436,0.5587032635645561,2.396678073782446
00080-06,5.217629710181659,3.714763871732105,5.175897628911435,2.4069305156407306
00080-07,2.101287705410999,8.549579116874778,1.7890112732094843,3.58046888165907
00080-08,2.4338578578295977,1.9375851712529273,1.0212557594305514,1.2091943146074065
00080-09,1.7528484486519345,1.5372889214403378,1.1755125630873182,1.0814065742823025
00080-10,12.557838255713495,2.8684601104334786,0.8247822943793722,9.691642183561251
00080-11,0.9497534846365726,1.3961970052819606,1.1938887963481972,0.732803995192135
00080-12,3.8577494613636856,3.3298488786409663,0.7544466580375289,1.0485917019848474
